GSvolume_pa_composition_average,ML pred ASR barrier (eV),IsFBlock_composition_average,IsRareEarth_composition_average,CovalentRadii_composition_average,NdUnfilled_composition_average,ICSDVolume_composition_average,BCCfermi_composition_average,AtomicVolume_arithmetic_average,ThermalExpansionCoefficient_arithmetic_average,valence_composition_average,GSenergy_pa_composition_average,phi_difference,HHIr_composition_average,HeatFusion_composition_average,HHIr_arithmetic_average,HeatFusion_arithmetic_average,CovalentRadius_composition_average,ElectricalConductivity_composition_average,phi_arithmetic_average,ElectricalConductivity_difference,Electrolyte class_2,BCCenergy_pa_composition_average,ThermalConductivity_arithmetic_average,HeatCapacityMolar_composition_average
19.52683673469388,1.134531099,0.0,0.0,1.0514285714285714,0.7142857142857142,24.559183673469384,3.416132312653061,3739.588361359413,166.54,2.3673469387755097,-4.821274933775509,2.78,1351.020408163265,4.93265306122449,3140.0,13.47,106.63265306122447,3.663265306122448,3.28,15.099999999999998,0.0,-3.4005947934693874,50.51348,28.213061224489795
21.98483333333333,1.258738249,0.0,0.0,1.112888888888889,0.7666666666666666,26.608888888888888,3.415814430555556,3745.731015769601,167.4,2.2444444444444445,-4.591348627722223,2.78,1465.5555555555557,5.201177777777778,3200.0,9.7492,113.66666666666666,4.046666666666666,2.964,17.0,0.0,-3.2928784827777777,28.46748,28.095888888888886
20.068800000000003,1.263385158,0.0,0.0,1.0656,0.8,25.093,3.4673047528,4677.970250109028,208.675,2.8,-4.89612454005,2.61,1032.0,4.332199999999999,1425.0,7.422499999999999,108.61,3.085,2.45,28.5,0.0,-3.5176896595,74.71685000000001,28.23939
20.2041,1.086717546,0.0,0.0,1.0683,0.76,25.237,3.4867724948000003,3747.5927317193,173.36,2.77,-4.839937716050001,2.61,1038.0,4.227009999999999,1540.0,6.5962,108.71,3.007,2.74,28.5,0.0,-3.4613738671000003,76.09347999999999,28.25579
22.978,1.44558847,0.1,0.1,1.116,1.3,27.55,3.174698026,4675.932078652993,204.4,2.6,-4.544984996,2.61,1210.0,3.483,1825.0,6.6525,116.2,1.82,2.6075,9.8,0.0,-3.154622002,27.56685,28.4448
19.476020408163265,1.082027388,0.0,0.0,1.0506122448979591,0.693877551020408,24.50612244897959,3.49236039,3739.088110900911,166.04,2.387755102040816,-4.836637918265305,2.78,1279.5918367346935,5.085306122448979,2440.0,14.966,106.42857142857142,3.881632653061224,3.4,15.099999999999998,0.0,-3.4159577779591834,67.37347999999999,28.20204081632653
20.4178,1.27479556,0.0,0.0,1.0702,0.72,25.336,3.386024054,3739.588361359413,166.54,2.42,-4.7874217846,2.78,1344.0,4.928599999999999,3140.0,13.47,108.92,3.512,3.28,15.099999999999998,0.0,-3.3971612986000004,50.51348,28.216
20.4081,1.17159768,0.0,0.0,1.07,0.7,25.324,3.3798024801999995,3739.588361359413,166.54,2.3600000000000003,-4.7633198803,2.78,1370.0,4.976399999999999,3140.0,13.47,108.8,3.646,3.28,15.099999999999998,0.0,-3.3710533428,50.51348,28.2102
20.4081,1.245413458,0.0,0.0,1.07,0.7,25.324,3.3798024801999995,3739.588361359413,166.54,2.3600000000000003,-4.7633198803,2.78,1370.0,4.976399999999999,3140.0,13.47,108.8,3.646,3.28,15.099999999999998,1.0,-3.3710533428,50.51348,28.2102
20.44318,1.242322278,0.0,0.0,1.07092,0.7399999999999999,25.4072,3.37880082916,3740.989796947069,167.08,2.332,-4.6951635965800005,2.78,1271.6,4.65724,2280.0,10.29,108.768,3.5827999999999998,3.12,16.4,0.0,-3.3010823082,42.93348,28.22692
21.171,1.123112687,0.0,0.0,1.0764,0.52,25.82,3.5209796352,3741.3812918157632,169.48,2.36,-4.578287550400001,2.78,1204.0,4.338399999999999,1700.0,8.9,108.56,3.504,3.3,15.099999999999998,0.0,-3.1853821984,53.09348,28.3016
20.7199,1.170289092,0.0,0.0,1.0716,0.6,25.514000000000003,3.4689985582,3741.3812918157632,169.48,2.4000000000000004,-4.6647762958,2.78,1200.0,4.471599999999999,1700.0,8.9,108.42,3.554,3.3,15.099999999999998,0.0,-3.2731933768,53.09348,28.2638
21.1526,1.045027701,0.0,0.0,1.0806,0.7,25.938,3.4046104783999995,3123.319945326889,143.11666666666667,2.34,-4.628358604100001,2.78,1224.0,4.4232,1850.0,9.315,109.57999999999998,3.366,3.283333333333333,16.099999999999998,0.0,-3.23428964,47.11123333333334,28.2924
20.60526,1.404889481,0.0,0.0,1.0738,0.7399999999999999,25.5352,3.35928544356,3742.590577339854,167.34,2.332,-4.69802898354,2.78,1241.2,4.61388,1900.0,9.748,109.08800000000002,3.5875999999999992,3.11,16.099999999999998,0.0,-3.30377360996,43.21348,28.24308
21.1342,1.214236068,0.0,0.0,1.0848,0.88,26.056,3.2882413216,3742.590577339854,167.34,2.3200000000000003,-4.678429657800001,2.78,1244.0,4.507999999999999,1900.0,9.748,110.6,3.228,3.11,16.099999999999998,0.0,-3.2831970816,43.21348,28.2832
20.7269,1.332925376,0.02,0.02,1.0772,0.58,25.784,3.318875075,3744.735869151062,170.1,2.3200000000000003,-4.5909355313,2.78,1256.0,4.529599999999999,2000.0,9.002,109.26,3.587999999999999,2.986,15.099999999999998,0.0,-3.1985371414,46.75348,28.253
20.23,1.160105817,0.0,0.0,1.066,0.6,25.16,3.392131186,6222.720769615736,271.2,2.2,-4.654857424,2.78,1300.0,4.795999999999999,1833.3333333333333,7.846666666666667,107.8,4.14,2.473333333333333,15.099999999999998,0.0,-3.2565727320000004,39.555800000000005,28.2028
20.23,1.355093511,0.0,0.0,1.066,0.6,25.16,3.392131186,6222.720769615736,271.2,2.2,-4.654857424,2.78,1300.0,4.795999999999999,1833.3333333333333,7.846666666666667,107.8,4.14,2.473333333333333,15.099999999999998,0.0,-3.2565727320000004,39.555800000000005,28.2028
20.52975,1.441246163,0.0,0.0,1.073,0.75,25.505000000000003,3.3499158435000003,4673.292904941451,205.9,2.2,-4.634985522625,2.78,1345.0,4.7435,2500.0,9.41,108.9,3.73,2.6675,16.4,0.0,-3.23637284675,33.61685000000001,28.22055
20.8295,1.400531751,0.0,0.0,1.08,0.9,25.85,3.307700501,4673.292904941451,205.9,2.2,-4.61511362125,2.78,1390.0,4.690999999999999,2500.0,9.41,110.0,3.32,2.6675,16.4,0.0,-3.2161729615,33.61685000000001,28.2383
21.12925,1.399621648,0.0,0.0,1.087,1.05,26.195,3.2654851585,4673.292904941451,205.9,2.2,-4.595241719875,2.78,1435.0,4.6385,2500.0,9.41,111.1,2.91,2.6675,16.4,0.0,-3.19597307625,33.61685000000001,28.25605
20.7714,1.1029212,0.0,0.0,1.0738,0.72,25.752,3.4945802012,4676.106818053961,206.45,2.78,-4.8096406678,2.61,1132.0,4.26392,2550.0,8.064,109.32,2.594,2.85,10.3,1.0,-3.4298502776,26.68435,28.2692
20.8281,1.175718303,0.02,0.02,1.077,0.8399999999999999,25.698,3.379752423,3742.944835059017,166.12,2.58,-4.753392459900001,2.78,1152.0,4.2944,2000.0,8.562000000000001,110.08,3.006,3.106,16.5,0.0,-3.366722365,42.05348,28.2802
20.5921,1.148801367,0.01,0.01,1.0728,0.85,25.507,3.4263820342000004,4675.932078652993,204.4,2.78,-4.8607873199,2.61,1057.0,4.2345,1825.0,6.6525,109.72,2.7019999999999995,2.6075,9.8,0.0,-3.4813492612,27.56685,28.2792
20.3372,1.039426339,0.0,0.0,1.068,0.6799999999999999,25.283,3.3921643121,4670.193438766384,207.225,2.68,-4.7577315808,2.61,1043.0,4.3117,1425.0,8.6875,109.0,4.285,2.925,57.900000000000006,0.0,-3.3783743776,124.96685,28.241
20.344,1.148188925,0.0,0.0,1.068,0.6,25.285,3.3507092375000003,4670.193438766384,207.225,2.6,-4.66563499,2.61,1045.0,4.307499999999999,1425.0,8.6875,109.0,5.275,2.925,57.900000000000006,0.0,-3.285522436,124.96685,28.2278
20.7868,1.007234616,0.0,0.0,1.0784,0.8800000000000001,25.692,3.3405229176,3740.641123417188,166.22,2.48,-4.8098878176,2.78,1192.0,4.7968,1900.0,11.670000000000002,110.24,2.98,3.16,15.599999999999998,1.0,-3.4204920872000004,44.31348,28.248
20.7868,0.948089419,0.0,0.0,1.0784,0.8800000000000001,25.692,3.3405229176,3740.641123417188,166.22,2.48,-4.8098878176,2.78,1192.0,4.7968,1900.0,11.670000000000002,110.24,2.98,3.16,15.599999999999998,0.0,-3.4204920872000004,44.31348,28.248
21.0555,1.014375074,0.0,0.0,1.0844,1.0,25.946,3.3084972096,3740.641123417188,166.22,2.56,-4.8633011101,2.78,1164.0,4.845,1900.0,11.670000000000002,111.34,2.534,3.16,15.599999999999998,1.0,-3.4763438090000003,44.31348,28.2648
21.0264,1.070656287,0.0,0.0,1.0838,0.94,25.91,3.2898324882,3740.641123417188,166.22,2.38,-4.7909953972,2.78,1242.0,4.9884,1900.0,11.670000000000002,110.98,2.9359999999999995,3.16,15.599999999999998,1.0,-3.3980199416000003,44.31348,28.2474
20.9702,0.878158136,0.0,0.0,1.0818,0.9000000000000001,25.886,3.3206036934,3122.703138328077,140.4,2.46,-4.768260642,2.78,1192.0,4.6046000000000005,2016.6666666666663,11.623333333333331,110.54,2.97,3.1666666666666665,16.099999999999998,0.0,-3.3779525402000004,39.79456666666667,28.2714
20.9702,1.006768228,0.0,0.0,1.0818,0.9000000000000001,25.886,3.3206036934,3122.703138328077,140.4,2.46,-4.768260642,2.78,1192.0,4.6046000000000005,2016.6666666666663,11.623333333333331,110.54,2.97,3.1666666666666665,16.099999999999998,1.0,-3.3779525402000004,39.79456666666667,28.2714
20.4623,1.261599069,0.0,0.0,1.0707,0.76,25.424,3.473814666,4673.7566178235065,211.125,2.77,-4.839689643,2.61,1046.0,4.21281,1550.0,6.11025,109.1,2.7219999999999995,2.7875,8.399999999999999,0.0,-3.4613364976000005,45.11685,28.2772
20.4015,1.228745995,0.0,0.0,1.0697,0.8200000000000001,25.344,3.4388502104,4671.736486528489,204.925,2.79,-4.9139548387000005,2.61,1114.0,4.4799,3250.0,12.7875,109.32,2.754,2.825,8.399999999999999,0.0,-3.5357306617000006,38.141850000000005,28.2558
20.3065,1.188529957,0.0,0.0,1.067,0.7,25.235,3.386561878,4669.971274393836,206.45,2.65,-4.7589184775,2.8800000000000003,1045.0,4.501499999999999,1425.0,9.6575,108.6,2.97,3.1125,11.8,0.0,-3.375335024,47.391850000000005,28.3093
20.327,1.423274756,0.0,0.0,1.068,0.8,25.28,3.454346924,6222.981271044546,270.8,2.8,-4.895876467,2.61,1040.0,4.318,1400.0,7.05,109.0,2.8,2.4166666666666665,8.399999999999999,0.0,-3.51765229,32.9558,28.2608
20.55255,1.279379967,0.0,0.0,1.0704,0.76,25.433,3.4803374625000005,4673.977649598925,208.6,2.78,-4.8526320943000005,2.61,1042.0,4.2514,1450.0,7.074999999999999,109.07,2.775,2.85,8.399999999999999,0.0,-3.4737467008000005,41.36685,28.2797
21.2292,1.240200301,0.0,0.0,1.0776,0.64,25.892,3.558309078,4673.977649598925,208.6,2.72,-4.722898976200001,2.61,1048.0,4.0516000000000005,1450.0,7.074999999999999,109.28,2.7,2.85,8.399999999999999,1.0,-3.3420299332,41.36685,28.3364
23.451200000000004,0.989212628,0.0,0.0,1.1066,0.24,28.252,3.759475464,3746.2788114955815,169.56,2.62,-4.2917199802,2.61,1508.0,3.781200000000001,2360.0,7.881199999999999,110.88,1.6699999999999997,3.1100000000000003,10.3,1.0,-2.9030198712,34.66748,28.3784
22.5624,0.922249885,0.0,0.0,1.095,0.4,27.308,3.6790089096,3746.2788114955815,169.56,2.66,-4.4641915786,2.61,1324.0,3.88936,2360.0,7.881199999999999,110.24,2.0819999999999994,3.1100000000000003,10.3,1.0,-3.078623896,34.66748,28.3616
21.6736,1.060064104,0.0,0.0,1.0834,0.5599999999999999,26.364,3.5985423552,3746.2788114955815,169.56,2.7,-4.636663177000001,2.61,1140.0,3.99752,2360.0,7.881199999999999,109.6,2.4939999999999998,3.1100000000000003,10.3,1.0,-3.2542279208,34.66748,28.3448
20.45165,1.100733813,0.0,0.0,1.0708,0.84,25.395,3.4321124962000003,4673.052439100708,204.525,2.78,-4.898481208950001,2.61,1052.0,4.3899,1700.0,10.5375,109.43,2.711,2.675,8.899999999999999,0.0,-3.5194701951000003,30.39185,28.2634
20.836,0.990448595,0.0,0.0,1.0754,0.64,25.82,3.4438517982000003,3743.926591190129,171.2,2.7,-4.6687309789,2.61,1142.0,4.12908,2420.0,7.8648,109.12,2.708,3.1,15.999999999999998,1.0,-3.2872824204000004,44.54748,28.275
20.0116,1.120830499,0.01,0.01,1.0643,0.89,24.981,3.4723353391000003,4675.498384361861,202.6,2.81,-4.923185457500001,2.61,1048.0,4.3435,1825.0,7.705,108.81,2.78,2.6125,10.4,0.0,-3.5435239378,27.36685,28.3504
15.479100000000004,1.376561458,0.02,0.02,0.9886,0.8,20.864,4.455086917,3747.9332895898,166.24,3.24,-5.2399067206000005,2.61,1574.0,4.87144,2660.0,7.829199999999999,99.38,2.508,2.918,10.3,0.0,-3.8482132488,23.84748,27.8864
16.3076,0.949310678,0.0,0.0,1.0086,0.76,21.826,4.1393483184,3741.1553964001537,168.14,2.9800000000000004,-5.0286190064000005,2.7,1532.0,4.8432,2720.0,9.7532,100.06,3.098,3.3160000000000003,17.0,0.0,-3.6380642914,38.37348,27.8662
16.327,1.097706742,0.0,0.0,1.009,0.8,21.85,4.151791466000001,4673.695280329414,206.925,3.1,-5.076822815,2.53,1480.0,4.7476,2725.0,8.1415,100.3,2.83,2.87,10.3,0.0,-3.690280203,22.96685,27.8778
17.6038,1.255810941,0.0,0.0,1.036,0.8,23.092,3.7466361992,4673.695280329414,206.925,2.92,-4.939369967,2.53,1300.0,4.52704,2725.0,8.1415,103.12,3.076,2.87,10.3,0.0,-3.5572335732000004,22.96685,27.954
16.340600000000002,1.098390629,0.0,0.0,1.009,0.64,21.854,4.068881316800001,3741.322212649911,168.84,2.9400000000000004,-4.8926296334,2.53,1484.0,4.7392,2480.0,9.2332,100.3,4.81,3.1860000000000004,59.8,0.0,-3.5045763198,98.57348,27.8514
16.476,1.001234832,0.0,0.0,1.0124,0.84,21.978,4.1207980388,3742.5566508595934,167.0,3.08,-5.1129795584,2.53,1628.0,5.0714,3940.0,12.5132,100.94,2.738,3.1060000000000003,10.3,0.0,-3.7264369464,29.113480000000003,27.867800000000003
16.7436,0.568311667,0.0,0.0,1.0136,0.72,22.22,4.190544833800001,3744.994508952289,167.74,3.08,-4.9934603746,2.53,1520.0,4.8672,2860.0,10.4712,100.44,2.658,3.176,10.3,0.0,-3.6023688184000004,23.23348,27.8804
16.4462,1.170578451,0.0,0.0,1.012,0.88,21.968,4.0822846164,3742.483487695292,167.26,3.06,-5.0666176702,2.53,1484.0,4.7544,2500.0,9.3432,100.86,2.658,3.056,10.3,0.0,-3.677795878,22.75348,27.877
16.5654,1.169277862,0.0,0.0,1.015,0.96,22.086,4.0127777668,3742.483487695292,167.26,3.02,-5.056412525400001,2.53,1488.0,4.7612,2500.0,9.3432,101.42,2.486,3.056,10.3,0.0,-3.665311553,22.75348,27.8762
16.474800000000002,0.870379039,0.0,0.0,1.0124,0.86,21.968,4.1314864684,3742.565570175368,166.8,3.08,-5.1481411186,2.53,1548.0,5.2028,3140.0,13.8272,101.06,2.768,3.1060000000000003,10.3,0.0,-3.7615985066,29.87348,27.883
20.060075,1.120228435,0.01,0.01,1.0607,0.89,25.026,3.5161000436,4676.61861481311,204.4,2.81,-4.92591670625,2.61,1048.0,4.3088,1825.0,6.8375,108.92,2.7909999999999995,2.605,9.3,0.0,-3.5463757126,28.09185,28.2512
20.060075,1.009446865,0.01,0.01,1.0607,0.89,25.026,3.5161000436,4676.61861481311,204.4,2.81,-4.92591670625,2.61,1048.0,4.3088,1825.0,6.8375,108.92,2.7909999999999995,2.605,9.3,0.0,-3.5463757126,28.09185,28.2512
18.1916,1.050632297,0.08,0.08,1.0096,1.52,23.248,3.9483718808,4676.61861481311,204.4,2.88,-5.136198381,2.61,1104.0,4.2444,1825.0,6.8375,108.36,2.728,2.605,9.3,0.0,-3.7474396708,28.09185,28.184
19.259300000000003,0.924626384,0.04,0.04,1.0388,1.16,24.264000000000003,3.701359402400001,4676.61861481311,204.4,2.84,-5.016037424,2.61,1072.0,4.2812,1825.0,6.8375,108.68,2.764,2.605,9.3,0.0,-3.6325459804,28.09185,28.2224
19.79315,1.130791246,0.02,0.02,1.0534,0.98,24.772,3.5778531632000004,4676.61861481311,204.4,2.82,-4.9559569455000005,2.61,1056.0,4.2996,1825.0,6.8375,108.84,2.782,2.605,9.3,0.0,-3.5750991352000003,28.09185,28.2416
20.178477380952003,1.058472035,0.01,0.01,1.0596,0.85,25.098,3.552263861,3746.937716213816,188.92,2.8,-4.897066953075,3.23,1085.0,4.3561,2480.0,9.178,108.67,2.6789999999999994,3.1939999999999995,11.2,0.0,-3.5103512310000005,22.52048,28.23844
17.663541666666667,1.183335729,0.0,0.0,1.0225,0.6666666666666667,23.050000000000004,3.4890239704166666,3747.052560918652,169.58,2.333333333333333,-4.798816301458333,2.78,1262.5,4.625416666666667,1980.0,8.956000000000001,101.91666666666669,4.1,2.95,15.099999999999998,0.0,-3.3460428804166678,40.47948,28.113750000000003
19.3134,1.09760532,0.0,0.0,1.0594,0.6400000000000001,24.504,3.4156672156,3747.052560918652,169.58,2.3200000000000003,-4.6789903666,2.78,1318.0,4.731400000000001,1980.0,8.956000000000001,106.04,4.0920000000000005,2.95,15.099999999999998,0.0,-3.2842304086,40.47948,28.0864
19.3134,1.205873511,0.0,0.0,1.0594,0.6400000000000001,24.504,3.4156672156,3747.052560918652,169.58,2.3200000000000003,-4.6789903666,2.78,1318.0,4.731400000000001,1980.0,8.956000000000001,106.04,4.0920000000000005,2.95,15.099999999999998,0.0,-3.2842304086,40.47948,28.0864
19.3134,1.207653558,0.0,0.0,1.0594,0.6400000000000001,24.504,3.4156672156,3747.052560918652,169.58,2.3200000000000003,-4.6789903666,2.78,1318.0,4.731400000000001,1980.0,8.956000000000001,106.04,4.0920000000000005,2.95,15.099999999999998,1.0,-3.2842304086,40.47948,28.0864
18.751800000000003,0.66527002,0.0,0.0,1.0552,0.6400000000000001,24.096000000000004,3.4223229448,3747.052560918652,169.58,2.3200000000000003,-4.664547847000001,2.78,1360.0,4.75,1980.0,8.956000000000001,104.84,4.224,2.95,15.099999999999998,0.0,-3.2694954676000005,40.47948,28.0096
19.3716,1.166365477,0.0,0.0,1.0606,0.76,24.576,3.4529966584,3747.052560918652,169.58,2.68,-4.8236017924,2.78,1162.0,4.4446,1980.0,8.956000000000001,106.76,3.288,2.95,15.099999999999998,0.0,-3.4408781434,40.47948,28.1212
19.3522,1.347593528,0.0,0.0,1.0602,0.72,24.552,3.4405535108,3747.052560918652,169.58,2.56,-4.7753979838000005,2.78,1214.0,4.5402000000000005,1980.0,8.956000000000001,106.52,3.556,2.95,15.099999999999998,0.0,-3.3886622318,40.47948,28.1096
19.3149,1.046872257,0.0,0.0,1.0592,0.62,24.498,3.394774771,3124.3673481724936,143.55,2.3200000000000003,-4.6483090751,2.8800000000000003,1294.0,4.757,1900.0,10.376666666666669,106.0,4.026,3.325,15.099999999999998,0.0,-3.253411458,48.84956666666667,28.1116
20.3231,1.124345212,0.0,0.0,1.0702,0.54,25.324,3.4395068202,3749.913619556821,173.64,2.2,-4.5617715071000005,2.78,1300.0,4.54402,2100.0,6.8522,107.72,3.894,2.744,15.099999999999998,0.0,-3.165137456,40.75948,28.2158
19.6399,1.131582707,0.0,0.0,1.064,0.66,24.756,3.3762336382,3748.297514520806,168.68,2.24,-4.6958593789,2.78,1478.0,5.096799999999999,3460.0,12.194,106.96,4.09,2.774,15.099999999999998,0.0,-3.2991908432,35.17948,28.0962
19.4046,1.135143627,0.0,0.0,1.061,0.64,24.604,3.3825296568,3747.2193771684088,170.28,2.64,-4.687612419400001,2.61,1114.0,4.3406,1740.0,8.436,107.0,5.0,2.8200000000000003,57.900000000000006,0.0,-3.3073901718,100.67948,28.1064
19.4182,1.160439158,0.0,0.0,1.061,0.48,24.608,3.2996195076,3747.2193771684088,170.28,2.48,-4.5034192378,2.61,1118.0,4.3322,1740.0,8.436,107.0,6.98,2.8200000000000003,57.900000000000006,0.0,-3.1216862886000003,100.67948,28.08
19.4459,1.15255035,0.0,0.0,1.0624,0.7000000000000001,24.656,3.4084898292,3125.07808138801,146.35,2.66,-4.7067940078,2.78,1146.0,4.26196,1966.6666666666663,8.641333333333334,106.68,3.268,3.1416666666666666,15.099999999999998,0.0,-3.324418242,53.06623333333334,28.1328
19.391,1.226283336,0.0,0.0,1.061,0.8,24.6,3.465439806,4681.066735977536,208.725,2.8,-4.871805601,2.61,1110.0,4.349,1800.0,7.145,107.0,3.02,2.4125,8.399999999999999,0.0,-3.4930940550000003,25.59935,28.1328
19.517,1.183841803,0.0,0.0,1.064,0.8,24.72,3.3544778818000003,3125.622200500142,143.33333333333334,2.6800000000000006,-4.769503865400001,2.61,1116.0,4.3516,1716.6666666666663,9.388333333333334,107.56,3.838,2.9833333333333334,58.1,0.0,-3.3877577884,87.54956666666666,28.1188
19.4902,1.169644465,0.0,0.0,1.0636,0.82,24.676,3.5091498946,3747.953564919589,167.94,2.8,-4.923018069199999,2.61,1188.0,4.8224,2500.0,13.212,107.44,3.1420000000000003,2.86,14.5,1.0,-3.5443065232000004,48.07948,28.112
19.54,1.138237765,0.0,0.0,1.0644,0.84,24.728,3.4344463788,3748.453815378092,168.44,2.78,-4.9079623444,2.61,1258.0,4.6728,3200.0,11.716,107.64,2.9280000000000004,2.74,8.399999999999999,0.0,-3.529250798400001,31.21948,28.1228
19.8076,0.962642007,0.0,0.0,1.0656,0.72,24.97,3.5041931738,3750.8916734707855,169.18,2.78,-4.7884431606,2.61,1150.0,4.4686,2120.0,9.674,107.14,2.8480000000000003,2.81,8.6,0.0,-3.4051826704000003,25.33948,28.1354
19.520200000000003,1.088467182,0.0,0.0,1.0642,0.64,24.736,3.363983,3747.894525528989,173.02,2.640000000000001,-4.5899862232,2.61,1130.0,4.07932,1820.0,7.1296,106.6,3.248,2.75,14.099999999999998,0.0,-3.2079583406000003,43.67948,28.1444
18.5105,1.186201622,0.04,0.04,1.0332,1.16,23.72,3.710233708000001,3752.3595180057896,168.02,2.84,-4.9967807312,2.61,1128.0,4.306,2060.0,6.956,107.07999999999998,2.9399999999999995,2.564,9.3,0.0,-3.6128993924,23.17948,28.12
18.505651724138,1.005696284,0.04,0.04,1.0332,1.1800000000000002,23.730000000000004,3.732702693,3129.001715749091,143.63333333333333,2.8600000000000003,-5.0114823490068,2.61,1136.0,4.288,2016.6666666666663,7.948333333333334,107.22,2.726,2.8783333333333334,10.7,0.0,-3.6245979204,20.61956666666667,28.1444
18.34843475321177,0.908141197,0.0392156862745098,0.0392156862745098,1.0358823529411765,1.2549019607843137,23.50392156862745,3.808040731960785,3129.001715749091,143.63333333333333,2.9411764705882355,-5.090091817660392,2.61,1149.0196078431377,4.457058823529413,2016.6666666666663,7.948333333333334,107.84313725490196,2.682352941176471,2.8783333333333334,10.7,0.0,-3.727456995686275,20.61956666666667,28.108627450980396
20.0234,1.08297476,0.01,0.01,1.0644,0.8,24.983,3.4709194002,4675.725158036659,203.1,2.81,-4.92377504075,2.61,1048.0,4.332999999999999,1825.0,7.442499999999999,108.82999999999998,2.7829999999999995,2.6125,10.1,0.0,-3.5441494804,28.04185,28.2755
19.520200000000003,1.088467182,0.0,0.0,1.0642,0.64,24.736,3.363983,3747.894525528989,173.02,2.64,-4.5899862232,2.61,1130.0,4.07932,1820.0,7.129599999999999,106.6,3.248,2.75,14.099999999999998,0.0,-3.2079583406000003,43.67948,28.1444
15.268365517242,0.638959926,0.0,0.0,1.0234,1.02,21.758000000000003,3.8847309378,4666.337297809447,207.825,2.96,-5.069309231661201,1.9000000000000004,1100.0,4.763799999999999,3150.0,12.9175,103.1,6.481999999999999,2.7625,30.8,0.0,-3.6598431754,65.44685,28.0422
15.11451724138,0.755204718,0.0,0.0,1.02,1.0,21.64,3.93819335,6215.78235275249,274.6666666666667,3.0,-5.047854106068,1.9000000000000004,960.0,4.421999999999999,1266.6666666666667,7.223333333333334,102.6,6.359999999999999,2.333333333333333,30.8,0.0,-3.635384960000001,69.36246666666668,28.0766
17.961666666666666,0.846884335,0.1111111111111111,0.1111111111111111,1.0622222222222222,1.6666666666666663,22.71111111111111,3.627402207777778,4675.303008290254,202.9,2.333333333333333,-4.946964598333333,2.78,1477.7777777777778,5.587777777777777,2150.0,8.302499999999998,110.33333333333334,4.377777777777777,2.655,17.099999999999998,0.0,-3.632571165555556,32.31685,29.06777777777777
17.961666666666666,1.141465441,0.1111111111111111,0.1111111111111111,1.0622222222222222,1.6666666666666663,22.71111111111111,3.627402207777778,4675.303008290254,202.9,2.333333333333333,-4.946964598333333,2.78,1477.7777777777778,5.587777777777777,2150.0,8.302499999999998,110.33333333333334,4.377777777777777,2.655,17.099999999999998,0.0,-3.632571165555556,32.31685,29.06777777777777
18.069444444444443,1.46819733,0.1111111111111111,0.1111111111111111,1.0644444444444443,1.8888888888888888,22.84444444444444,3.696530805555556,4675.498384361861,202.6,3.0,-5.214763535,2.61,1188.888888888889,5.056666666666667,1825.0,7.705,111.66666666666666,2.888888888888889,2.6125,10.4,0.0,-3.922659563333333,27.36685,29.132222222222214
18.042509578544447,1.721457247,0.1111111111111111,0.1111111111111111,1.0644444444444443,2.0,22.9,3.8213585,3742.8412483826087,166.42000000000002,3.111111111111111,-5.296439189482222,2.61,1233.3333333333333,4.956666666666667,1820.0,8.746,112.44444444444446,1.7000000000000002,2.9800000000000004,10.7,0.0,-3.987651385555556,23.45748,29.267777777777773
17.14875862069,1.121175013,0.1,0.1,1.031,1.7999999999999998,22.340000000000003,3.746576,3742.8412483826087,166.42000000000002,3.0,-5.242474461034,2.61,1160.0,4.483,1820.0,8.746,107.8,1.5299999999999998,2.9800000000000004,10.7,0.0,-3.834861408,23.45748,29.2788
17.441666666666666,1.157943029,0.1111111111111111,0.1111111111111111,1.0583333333333331,1.6666666666666663,22.33333333333333,3.63356492,3751.307032787504,166.82,2.333333333333333,-4.933591894999999,2.78,1516.6666666666667,5.605,2320.0,8.128,109.22222222222224,4.5,2.604,17.099999999999998,0.0,-3.618927701666667,26.55948,28.996666666666663
17.495555555555555,1.152778492,0.1111111111111111,0.1111111111111111,1.0594444444444444,1.7777777777777777,22.4,3.6681292188888888,3128.052088151177,140.98333333333332,2.6666666666666665,-5.067491363333334,2.78,1372.2222222222222,5.339444444444444,2166.666666666667,9.075,109.88888888888889,3.755555555555556,2.9916666666666667,17.099999999999998,0.0,-3.763971900555556,35.49956666666667,29.028888888888886
16.14,1.393050036,0.1,0.1,1.022,1.5,21.49,3.583108219,4672.891470565707,203.375,2.3,-4.9038764630000005,2.7,1450.0,5.081999999999999,2325.0,8.379999999999999,103.9,4.159999999999999,2.675,17.099999999999998,0.0,-3.490730975,28.59935,28.9708
14.8092,1.580748636,0.16,0.16,1.004,2.04,20.104,3.6843829804,4672.891470565707,203.375,2.3600000000000003,-5.0821729256,2.7,1456.0,5.2164,2325.0,8.379999999999999,103.96,3.908,2.675,17.099999999999998,0.0,-3.6606958028,28.59935,29.5852
17.56075,0.984945332,0.1,0.1,0.993,1.5,22.62,4.009662382,4676.423238741503,204.7,2.3,-4.9552598165,2.78,1380.0,4.703999999999999,2150.0,7.435,107.0,4.05,2.6475,15.999999999999998,1.0,-3.543806958,33.041850000000004,28.1068
18.0946,1.101147707,0.08,0.08,1.0076,1.3199999999999998,23.128,3.8861561428,4676.423238741503,204.7,2.28,-4.895179338,2.78,1364.0,4.7224,2150.0,7.435,107.16,4.068,2.6475,15.999999999999998,0.0,-3.4863601128,33.041850000000004,28.126
19.75435,1.140249113,0.02,0.02,1.0526,0.9,24.724,3.552966868,3743.494063987111,166.12,2.58,-4.8595493283,2.78,1160.0,4.4908,2000.0,8.71,108.36,3.318,3.104,15.999999999999998,0.0,-3.470667312,42.47348,28.2184
18.66725,1.104760737,0.06,0.06,1.023,1.22,23.684,3.7875361988,3743.494063987111,166.12,2.5,-4.9315064767,2.78,1244.0,4.5496,2000.0,8.71,107.79999999999998,3.55,3.104,15.999999999999998,0.0,-3.5333450908,42.47348,28.1684
17.1045,1.114760036,0.12,0.12,0.98,1.84,22.208,4.1829412116,3743.494063987111,166.12,2.8,-5.208155529400001,2.78,1188.0,4.3032,2000.0,8.71,107.79999999999998,2.96,3.104,15.999999999999998,0.0,-3.8101174496000008,42.47348,28.134
18.50027777777778,1.308599836,0.1111111111111111,0.1111111111111111,1.022222222222222,1.6666666666666663,23.21111111111111,4.113676702222223,4676.423238741503,204.7,2.333333333333333,-4.977311806666666,2.78,1477.7777777777778,5.202222222222222,2150.0,7.435,111.55555555555554,4.5,2.6475,15.999999999999998,0.0,-3.664257552222223,33.041850000000004,27.965555555555557
18.50027777777778,1.081673946,0.1111111111111111,0.1111111111111111,1.022222222222222,1.6666666666666663,23.21111111111111,4.113676702222223,4676.423238741503,204.7,2.333333333333333,-4.977311806666666,2.78,1477.7777777777778,5.202222222222222,2150.0,7.435,111.55555555555554,4.5,2.6475,15.999999999999998,1.0,-3.664257552222223,33.041850000000004,27.965555555555557
18.60805555555556,1.38989525,0.1111111111111111,0.1111111111111111,1.0244444444444445,1.8888888888888888,23.34444444444444,4.1828053,4676.61861481311,204.4,3.0,-5.245110743333333,2.61,1188.888888888889,4.671111111111111,1825.0,6.8375,112.88888888888889,3.011111111111111,2.605,9.3,0.0,-3.95434595,28.09185,28.03
18.3208,1.354391939,0.08,0.08,1.0128,1.36,23.384,3.846915074800001,3744.3360285974486,169.56,2.72,-4.8543790032,2.61,1124.0,3.974720000000001,1840.0,6.8836,107.96,2.9559999999999995,2.9039999999999995,14.999999999999998,0.0,-3.4623039564000004,45.67348,28.1956
15.366,1.499819378,0.08,0.08,0.9652,1.52,20.776000000000003,4.5018903616,3746.462353487292,166.58,3.12,-5.2905838058,2.53,1428.0,4.57568,2800.0,7.753199999999999,102.2,2.664,2.93,10.3,0.0,-3.8953652952,21.07348,27.9288
15.13285,1.272157649,0.1399999999999999,0.1399999999999999,0.9534,2.26,20.662,4.7017474192,4671.189484346142,203.1,2.9399999999999995,-5.5619746908,2.1000000000000005,1644.0,5.7124,2300.0,8.989999999999998,106.94,3.724,2.5925,29.4,0.0,-4.1638690674,76.86685,27.64794
15.041900000000002,1.584427927,0.12,0.12,0.9604,1.7999999999999998,20.700000000000003,4.2448189528,3739.076729864385,166.54,2.8000000000000003,-5.1487775308,2.6500000000000004,1076.0,4.468,1600.0,9.25,104.6,5.108,3.17,29.4,0.0,-3.7487785044,76.93347999999999,28.01312
15.041900000000002,1.59633682,0.12,0.12,0.9604,1.7999999999999998,20.700000000000003,4.2448189528,3739.076729864385,166.54,2.8000000000000003,-5.1487775308,2.6500000000000004,1076.0,4.468,1600.0,9.25,104.6,5.108,3.17,29.4,0.0,-3.7487785044,76.93347999999999,28.01312
14.9305,1.15975428,0.2,0.2,0.9196,2.2,20.084000000000003,4.473156798,3732.698979932985,165.62,2.3600000000000003,-4.99694767,2.03,1316.0,4.6104,1860.0,10.739999999999998,106.28,5.408,3.584,58.8,0.0,-3.5742774100000005,121.09348,28.0968
14.8915,1.842493593,0.2,0.2,0.92,2.4,20.08,4.627193578,6213.574557763772,266.06666666666666,2.4,-5.2556622090000005,1.93,1460.0,4.611999999999999,2100.0,7.54,106.2,3.96,2.756666666666667,15.999999999999998,0.0,-3.831041184,37.92246666666667,28.0108
15.0805,1.284683083,0.2,0.2,0.924,2.8,20.26,4.994519164,6213.940250027365,263.3666666666667,3.0,-5.740727688,1.4800000000000004,1740.0,5.572,2566.6666666666665,9.14,108.8,1.96,2.6066666666666665,6.0,0.0,-4.335985386,35.82246666666667,27.7188
14.947500000000002,1.699589894,0.2,0.2,0.92,2.4000000000000004,20.11,4.553839224,4663.111615504863,202.6,2.7,-5.222765273,2.03,1210.0,4.501,1625.0,9.4275,106.6,2.96,3.325,12.7,0.0,-3.80748621,46.16685,28.1658
14.9721,1.807441691,0.2,0.2,0.9212,2.52,20.164,4.6351812792,4663.111615504863,202.6,2.88,-5.3871148604000005,2.03,1204.0,4.2808,1625.0,9.4275,107.08,2.756,3.325,12.7,0.0,-3.9782669292,46.16685,28.1076
14.988500000000002,1.417809609,0.2,0.2,0.922,2.6,20.200000000000003,4.689409316000001,6213.835059192582,265.6666666666667,3.0,-5.496681252,1.7599999999999998,1200.0,4.134,1666.6666666666667,6.743333333333333,107.4,2.62,2.7,9.3,0.0,-4.0921207420000005,31.322466666666667,28.0688
14.988500000000002,1.703000893,0.2,0.2,0.922,2.6,20.200000000000003,4.689409316000001,6213.835059192582,265.6666666666667,3.0,-5.496681252,1.7599999999999998,1200.0,4.134,1666.6666666666667,6.743333333333333,107.4,2.62,2.7,9.3,0.0,-4.0921207420000005,31.322466666666667,28.0688
14.94001724138,1.566071408,0.2,0.2,0.922,2.8,20.3,4.914099166,6213.980172357934,268.96666666666664,3.2,-5.643697430068,1.2800000000000002,1280.0,3.954,1800.0,6.443333333333334,108.8,0.48,2.54,1.4,0.0,-4.209106022,7.195800000000001,28.3128
14.9393,1.237655016,0.2,0.2,0.9196,2.36,20.092,4.5267252056,4663.111615504863,202.6,2.64,-5.1679820772,2.03,1212.0,4.5744,1625.0,9.4275,106.44,3.028,3.325,12.7,0.0,-3.7505593036,46.16685,28.1852
14.9393,1.272011527,0.2,0.2,0.9196,2.36,20.092,4.5267252056,4663.111615504863,202.6,2.64,-5.1679820772,2.03,1212.0,4.5744,1625.0,9.4275,106.44,3.028,3.325,12.7,0.0,-3.7505593036,46.16685,28.1852
16.2781,1.339236847,0.12,0.12,0.9728,1.6799999999999995,21.568,4.1420429268,4674.011701016956,205.175,2.3200000000000003,-4.996083602200001,2.7,1452.0,4.7104,2325.0,7.512499999999999,105.24,4.207999999999999,2.6675,15.999999999999998,0.0,-3.5816072152,29.32435,27.9852
16.2781,1.188486115,0.12,0.12,0.9728,1.6799999999999995,21.568,4.1420429268,4674.011701016956,205.175,2.3200000000000003,-4.996083602200001,2.7,1452.0,4.7104,2325.0,7.512499999999999,105.24,4.207999999999999,2.6675,15.999999999999998,1.0,-3.5816072152,29.32435,27.9852
16.2781,0.917826656,0.12,0.12,0.9728,1.6799999999999995,21.568,4.1420429268,4674.011701016956,205.175,2.3200000000000003,-4.996083602200001,2.7,1452.0,4.7104,2325.0,7.512499999999999,105.24,4.207999999999999,2.6675,15.999999999999998,0.0,-3.5816072152,29.32435,27.9852
15.5848,1.662637709,0.16,0.16,0.9464,2.04,20.824,4.3846182524,4674.011701016956,205.175,2.3600000000000003,-5.1258729056,2.7,1456.0,4.661199999999999,2325.0,7.512499999999999,105.72,4.084,2.6675,15.999999999999998,0.0,-3.7063241996,29.32435,27.998
15.5848,1.869007513,0.16,0.16,0.9464,2.04,20.824,4.3846182524,4674.011701016956,205.175,2.3600000000000003,-5.1258729056,2.7,1456.0,4.661199999999999,2325.0,7.512499999999999,105.72,4.084,2.6675,15.999999999999998,0.0,-3.7063241996,29.32435,27.998
15.5848,1.718816633,0.16,0.16,0.9464,2.04,20.824,4.3846182524,4674.011701016956,205.175,2.3600000000000003,-5.1258729056,2.7,1456.0,4.661199999999999,2325.0,7.512499999999999,105.72,4.084,2.6675,15.999999999999998,1.0,-3.7063241996,29.32435,27.998
16.64415,1.402697315,0.1,0.1,0.9864,1.54,21.964,4.0331984116,3741.564833807473,166.5,2.42,-4.9793927591000005,2.7,1398.0,4.6394,2140.0,8.772,105.24,4.002,3.12,15.999999999999998,1.0,-3.5714646346000007,39.49948,27.9904
16.355700000000002,1.411684135,0.12,0.12,0.9744,1.84,21.664,4.1918155172,3741.564833807473,166.5,2.8,-5.1888988366,2.7,1244.0,4.328,2140.0,8.772,106.2,3.136,3.12,15.999999999999998,0.0,-3.7904708616,39.49948,28.0316
16.355700000000002,1.472107191,0.12,0.12,0.9744,1.84,21.664,4.1918155172,3741.564833807473,166.5,2.8,-5.1888988366,2.7,1244.0,4.328,2140.0,8.772,106.2,3.136,3.12,15.999999999999998,0.0,-3.7904708616,39.49948,28.0316
16.355700000000002,1.339201426,0.12,0.12,0.9744,1.84,21.664,4.1918155172,3741.564833807473,166.5,2.8,-5.1888988366,2.7,1244.0,4.328,2140.0,8.772,106.2,3.136,3.12,15.999999999999998,1.0,-3.7904708616,39.49948,28.0316
15.95085,1.512807809,0.1399999999999999,0.1399999999999999,0.96,1.9,21.22,4.2757737372,3741.564833807473,166.5,2.46,-5.1091820625,2.7,1402.0,4.5902,2140.0,8.772,105.72,3.878,3.12,15.999999999999998,0.0,-3.6961816190000008,39.49948,28.0032
17.198,0.669570377,0.08,0.08,1.0042,1.52,22.536,3.9182467644,3120.9710503362803,139.96666666666667,2.74,-5.0952662766,2.7,1388.0,4.701,3250.0,12.31,106.36,3.168,3.275,15.999999999999998,1.0,-3.701910620600001,41.86623333333334,28.0088
15.613910344828,1.668305788,0.16,0.16,0.9476,2.28,20.956000000000003,4.5567616052,3741.651901706685,168.48,2.84,-5.358694038240801,2.7,1348.0,4.2664,2220.0,8.591999999999999,107.28,1.996,3.024,17.4,0.0,-3.933163102400001,25.02348,28.1792
15.613910344828,1.596739737,0.16,0.16,0.9476,2.28,20.956000000000003,4.5567616052,3741.651901706685,168.48,2.84,-5.358694038240801,2.7,1348.0,4.2664,2220.0,8.591999999999999,107.28,1.996,3.024,17.4,0.0,-3.933163102400001,25.02348,28.1792
18.2494,0.916965728,0.02,0.02,1.0442,0.8699999999999999,23.638,3.4984468327,3742.809787409628,165.6,2.28,-4.7619983152500005,2.7,1625.0,5.247400000000001,3620.0,12.01,105.18,4.179,2.944,15.999999999999998,0.0,-3.363211803,34.19948,27.9469
15.5878,1.912070749,0.16,0.16,0.946,2.0,20.812,4.3428333632000005,3741.397617701905,166.82,2.3600000000000003,-5.0645103226,2.8000000000000003,1408.0,4.7124,2160.0,9.506,105.64,3.952,3.174,15.999999999999998,0.0,-3.6446862984,41.59948,28.0484
17.44265,1.172822544,0.06,0.06,1.015,1.4,22.822000000000003,3.9319286308,3741.784249165629,164.88,2.8599999999999994,-5.1156326209,2.53,1348.0,4.7376,2420.0,9.732,106.14,2.856,3.03,9.3,1.0,-3.7287706898,38.23948,27.919
15.876883620689998,1.110784195,0.15,0.15,0.956,2.35,21.21,4.651090008000001,3741.87131706484,166.86,3.05,-5.529975929784,2.2500000000000004,1505.0,4.8245000000000005,2500.0,9.552,108.2,1.375,2.934,7.4,0.0,-4.1166494735,23.76348,27.9998
16.09645,1.346747936,0.1399999999999999,0.1399999999999999,0.9616,1.26,21.336,3.9109955816,4674.220221329153,206.05,2.14,-4.3810313889,2.0500000000000003,1214.0,4.165799999999999,2025.0,6.862499999999999,106.67999999999998,12.706,2.505,58.8,0.0,-2.9765258494,104.57435,27.9176
16.3887,0.625828856,0.12,0.12,0.9748,1.7199999999999998,21.692,4.1213485156,3741.73165005723,167.2,2.76,-5.052909463600001,2.53,1196.0,4.224,1900.0,8.252,106.44,4.848,2.99,58.8,0.0,-3.65698289,99.69948,28.0168
16.05565,1.520689833,0.1399999999999999,0.1399999999999999,0.9616,1.74,21.324,4.1597260292,3741.73165005723,167.2,2.62,-4.9336109337,2.53,1202.0,4.190999999999999,1900.0,8.252,106.68,6.766,2.99,58.8,0.0,-3.533637499,99.69948,27.9968
15.695400000000005,1.592286505,0.16,0.16,0.9484,2.08,20.948,4.3639238412,3741.73165005723,167.2,2.8,-5.182698767,2.53,1200.0,4.1748,1900.0,8.252,106.92000000000002,4.724,2.99,58.8,1.0,-3.7816998744,99.69948,28.0296
15.681800000000004,1.61775047,0.16,0.16,0.9484,2.24,20.944000000000003,4.4468339904,4674.207077088563,204.875,2.96,-5.3668919486,2.53,1196.0,4.183199999999999,2000.0,6.914999999999999,106.92,2.744,2.625,9.3,0.0,-3.967403757600001,24.37435,28.056
16.72175,1.248987689,0.1,0.1,0.988,1.7000000000000002,22.06,4.082971002000001,4674.207077088563,204.875,2.9,-5.1722079935,2.53,1190.0,4.257,2000.0,6.914999999999999,106.2,2.93,2.625,9.3,0.0,-3.780328281,24.37435,28.0368
16.3751,1.205716716,0.12,0.12,0.9748,1.88,21.688,4.2042586648,4674.207077088563,204.875,2.92,-5.2371026452,2.53,1192.0,4.2324,2000.0,6.914999999999999,106.44,2.868,2.625,9.3,0.0,-3.842686773200001,24.37435,28.0432
16.3751,1.403081695,0.12,0.12,0.9748,1.88,21.688,4.2042586648,4674.207077088563,204.875,2.92,-5.2371026452,2.53,1192.0,4.2324,2000.0,6.914999999999999,106.44,2.868,2.625,9.3,0.0,-3.842686773200001,24.37435,28.0432
16.73535,1.493131595,0.1,0.1,0.988,1.54,22.064,4.0000608528,3741.73165005723,167.2,2.74,-4.9880148119,2.53,1194.0,4.2486,1900.0,8.251999999999999,106.20000000000002,4.91,2.99,58.8,0.0,-3.5946243978000005,99.69948,28.0104
16.87075,0.899788697,0.1,0.1,0.9914,1.7400000000000002,22.188,4.0519775748,3742.9660882669136,165.36,2.88,-5.2083647369,2.53,1338.0,4.5808,3360.0,11.532,106.84,2.838,2.91,9.3,0.0,-3.8164850244,30.23948,28.0268
15.45999224138,1.511687399,0.1699999999999999,0.1699999999999999,0.9418,2.53,20.858,4.732167671800001,4674.315911962577,207.35,3.17,-5.546355452518,2.0500000000000003,1277.0,3.9909,2100.0,6.69,108.44,0.573,2.505,4.5,0.0,-4.1155682837,6.27935,28.3032
15.45999224138,1.504089874,0.1699999999999999,0.1699999999999999,0.9418,2.53,20.858,4.732167671800001,4674.315911962577,207.35,3.17,-5.546355452518,2.0500000000000003,1277.0,3.9909,2100.0,6.69,108.44,0.573,2.505,4.5,0.0,-4.1155682837,6.27935,28.3032
15.633317241380002,1.564998886,0.16,0.16,0.9484,2.44,21.044,4.671523840400001,4674.315911962577,207.35,3.16,-5.513908126668,2.0500000000000003,1276.0,4.0032,2100.0,6.69,108.32,0.604,2.505,4.5,0.0,-4.0843890376,6.27935,28.3
15.633317241380002,1.53234261,0.16,0.16,0.9484,2.44,21.044,4.671523840400001,4674.315911962577,207.35,3.16,-5.513908126668,2.0500000000000003,1276.0,4.0032,2100.0,6.69,108.32,0.604,2.505,4.5,0.0,-4.0843890376,6.27935,28.3
15.633317241380002,1.409104157,0.16,0.16,0.9484,2.44,21.044,4.671523840400001,4674.315911962577,207.35,3.16,-5.513908126668,2.0500000000000003,1276.0,4.0032,2100.0,6.69,108.32,0.604,2.505,4.5,0.0,-4.0843890376,6.27935,28.3
15.97996724138,1.181215032,0.1399999999999999,0.1399999999999999,0.9616,2.26,21.416,4.5502361776,4674.315911962577,207.35,3.14,-5.449013474968,2.0500000000000003,1274.0,4.027799999999999,2100.0,6.69,108.07999999999998,0.6659999999999999,2.505,4.5,0.0,-4.0220305454,6.27935,28.2936
15.656613793104,1.272467873,0.16,0.16,0.9484,2.24,21.028,4.5436757212,3741.8187179564416,169.18,2.96,-5.3003117094544,2.0500000000000003,1264.0,4.0308,1980.0,8.072,108.04,3.012,2.894,60.2,0.0,-3.8752880984,85.22348,28.2248
16.228015517242,1.097459292,0.1399999999999999,0.1399999999999999,0.9654,2.16,21.64,4.480466432,3744.097188189187,170.84,3.04,-5.2994476161612,2.0500000000000003,1248.0,3.9392,1780.0,7.047999999999999,108.11999999999998,1.104,2.694,21.9,0.0,-3.8748957468,36.22348,28.26458
16.476063793104,1.040729834,0.1399999999999999,0.1399999999999999,0.9691999999999998,2.06,21.864,4.4106966864,3744.097188189187,170.84,2.9400000000000004,-5.1498817573544,2.0500000000000003,1222.0,3.850600000000001,1780.0,7.047999999999999,108.16,1.5419999999999998,2.694,21.9,0.0,-3.7277609482,36.22348,28.23556
15.868265517242,0.981882948,0.16,0.16,0.9538,2.52,21.298,4.6090610076,3744.45459175378,167.88,3.08,-5.4592070834612,2.0500000000000003,1330.0,4.027,2580.0,8.172,108.94,0.624,2.654,4.5,0.0,-4.0304226456,8.183480000000001,28.284
16.103213793104,1.234070965,0.16,0.16,0.9591999999999998,2.6,21.552,4.5465981748,3744.45459175378,167.88,3.0,-5.4045060402544,2.0500000000000003,1384.0,4.050800000000001,2580.0,8.172,109.56,0.644,2.654,4.5,0.0,-3.9764562536,8.183480000000001,28.268
17.052,1.272987239,0.08,0.08,1.0004,1.44,22.396,3.9074553024,3741.553918559192,166.58,2.76,-4.9977469502,2.8000000000000003,1192.0,4.4284,1900.0,9.028,105.64,3.128,3.14,12.7,0.0,-3.604115976,37.63948,28.0692
17.77265,1.125868605,0.06,0.06,1.0234,1.58,23.158,3.6318751276,3742.892925102612,165.62,2.74,-5.0118032557,2.53,1198.0,4.326599999999999,1920.0,8.362,107.4,2.538,2.86,9.3,0.0,-3.6181583216,23.87948,28.0216
17.551111111111112,1.088194803,0.1111111111111111,0.1111111111111111,1.0588888888888888,0.6666666666666666,22.33611111111111,3.668722025555556,3749.053710206427,168.56,2.333333333333333,-4.959645915694445,2.78,1455.5555555555557,5.34611111111111,2020.0,7.8439999999999985,109.80555555555554,5.258333333333333,2.632,29.7,0.0,-3.6460155541666666,67.03347999999998,27.943861111111108
17.77527777777778,1.058552124,0.1111111111111111,0.1111111111111111,1.0622222222222222,0.7222222222222222,22.511111111111116,3.656172918333333,3128.238643245952,142.46666666666667,2.5,-5.012533854722222,2.78,1444.4444444444446,5.191111111111111,2166.666666666667,8.653333333333334,110.11111111111111,4.216666666666667,2.99,16.299999999999997,0.0,-3.704790385555556,36.4829,27.94833333333333
18.295287356322223,1.333712959,0.1111111111111111,0.1111111111111111,1.0666666666666669,0.8888888888888888,22.97777777777778,3.79212005,3742.908813639053,168.44,2.7777777777777777,-5.174531946704445,2.78,1377.7777777777778,4.941111111111111,2080.0,8.718,112.33333333333334,2.533333333333333,3.012,17.4,0.0,-3.855947771111112,28.59748,28.17111111111111
18.281810344827772,1.270938248,0.1111111111111111,0.1111111111111111,1.0661111111111112,0.7777777777777778,22.916666666666664,3.7124240533333337,3742.908813639053,168.44,2.555555555555556,-5.066744385296667,2.78,1427.7777777777778,5.123888888888889,2080.0,8.718,111.61111111111111,3.5,3.012,17.4,0.0,-3.750929760555556,28.59748,28.087222222222216
18.26833333333333,1.201840841,0.1111111111111111,0.1111111111111111,1.0655555555555556,0.6666666666666666,22.855555555555554,3.632728056666666,4675.582840932416,205.125,2.333333333333333,-4.958956823888888,2.78,1477.7777777777778,5.306666666666667,2150.0,7.67,110.88888888888889,4.466666666666667,2.6525,16.299999999999997,0.0,-3.64591175,33.791850000000004,28.00333333333333
18.451666666666668,0.803977637,0.1111111111111111,0.1111111111111111,1.0677777777777775,0.0,23.011111111111116,3.241244714444444,4675.791361244613,206.0,2.111111111111111,-4.203460307222223,2.1300000000000003,1211.111111111111,4.728888888888889,1850.0,7.02,112.22222222222224,13.977777777777778,2.49,59.1,0.0,-2.904311907777778,109.04185,27.92111111111111
18.37611111111111,1.367965398,0.1111111111111111,0.1111111111111111,1.0677777777777775,0.8888888888888888,22.988888888888887,3.7018566544444447,4675.778217004023,204.825,3.0,-5.226755760555555,2.61,1188.888888888889,4.775555555555556,1825.0,7.0725,112.22222222222224,2.977777777777778,2.61,9.6,0.0,-3.9360001477777775,28.84185,28.06777777777777
19.301573275862506,1.420594931,0.125,0.125,1.055,0.625,24.4625,3.49858321375,4675.887051878037,207.3,2.75,-4.9362997969175,2.1300000000000003,1212.5,3.5337500000000004,1925.0,6.8475,110.625,0.6125,2.49,2.3,0.0,-3.46543042125,10.74685,28.59125
17.76181034482778,1.150244674,0.1111111111111111,0.1111111111111111,1.0622222222222222,0.7777777777777778,22.538888888888888,3.718586765555555,3128.311199828628,144.11666666666667,2.555555555555556,-5.053371681963334,2.78,1466.6666666666667,5.14111111111111,2233.333333333333,8.503333333333334,110.5,3.622222222222222,2.91,17.4,0.0,-3.7372862966666665,24.419566666666668,28.01611111111111
17.748333333333335,1.15620234,0.1111111111111111,0.1111111111111111,1.0616666666666663,0.6666666666666666,22.477777777777774,3.638890768888889,3751.5308989012337,168.6,2.333333333333333,-4.945584120555555,2.78,1516.6666666666667,5.323888888888888,2320.0,7.621999999999999,109.77777777777776,4.588888888888889,2.602,16.299999999999997,0.0,-3.632268286111112,27.73948,27.93222222222222
17.93166666666667,0.372875529,0.1111111111111111,0.1111111111111111,1.0638888888888889,0.0,22.633333333333333,3.2474074266666664,3751.697715150991,169.3,2.111111111111111,-4.190087603888889,2.1300000000000003,1250.0,4.746111111111111,2080.0,7.101999999999999,111.11111111111111,14.1,2.472,59.1,0.0,-2.890668443888889,87.93947999999999,27.849999999999994
14.474,1.588329381,0.2,0.2,0.998,0.6,19.44,3.761486016,6212.454027351656,266.6333333333333,2.4,-5.222623240000001,1.91,1460.0,4.799999999999999,2100.0,7.853333333333333,105.0,3.9,2.763333333333333,16.299999999999997,0.0,-3.79801874,38.92246666666667,28.0788
16.416,1.155171744,0.1,0.1,1.025,0.6,21.62,3.587901483,4673.171303207869,205.6,2.3,-4.914669466,2.7,1450.0,4.828999999999999,2325.0,7.7475,104.4,4.239999999999999,2.6725,16.299999999999997,0.0,-3.5027375010000004,30.07435,28.0128
16.4645,1.157831124,0.1,0.1,1.026,0.7,21.68,3.619009352,3740.8925155602033,166.84,2.6,-5.0351789875,2.7,1320.0,4.59,2140.0,8.96,105.0,3.5699999999999994,3.124,16.299999999999997,0.0,-3.6332772800000006,40.09948,28.0418
17.22833333333333,1.208222916,0.1111111111111111,0.1111111111111111,1.0577777777777777,0.6666666666666666,22.1,3.645053481111111,4673.171303207869,205.6,2.333333333333333,-4.932211417222222,2.7,1555.5555555555557,5.341111111111111,2325.0,7.7475,108.66666666666666,4.71111111111111,2.6725,16.299999999999997,0.0,-3.6186248222222224,30.07435,27.861111111111107
16.526600000000002,1.283518741,0.1,0.1,1.027,0.64,21.744,3.5672070718000004,3741.05933180996,167.54,2.74,-4.9714953274,2.53,1194.0,4.3426,1900.0,8.440000000000001,105.6,4.88,2.994,59.1,0.0,-3.5781131758000004,100.29948,28.0444
17.817611111111113,1.109924289,0.1111111111111111,0.1111111111111111,1.0618888888888889,0.7222222222222222,22.506666666666668,3.694984192333333,3126.352672808729,142.18333333333334,2.5,-5.027733233722222,2.78,1387.7777777777778,5.177666666666667,1916.6666666666663,8.796666666666665,110.57777777777778,4.716666666666667,3.015,29.8,0.0,-3.720493286111111,68.56123333333335,27.944088888888885
17.790666666666667,1.144880151,0.1111111111111111,0.1111111111111111,1.0613333333333332,0.6666666666666666,22.473333333333336,3.677702042888889,3749.267734376567,168.26,2.333333333333333,-4.960783499555555,2.78,1460.0,5.310444444444444,2020.0,7.794,110.24444444444444,5.088888888888889,2.632,29.8,0.0,-3.647971186666667,66.23348,27.927977777777773
18.39138888888889,1.436959497,0.1111111111111111,0.1111111111111111,1.067222222222222,0.7222222222222222,22.922222222222224,3.666189017222222,3743.035769909981,166.16,2.5,-5.027181960277778,2.78,1405.5555555555557,5.146111111111111,2000.0,8.848,111.44444444444444,4.083333333333333,3.108,16.4,1.0,-3.7204102427777777,42.27348,27.99166666666666
18.364444444444445,0.671109998,0.1111111111111111,0.1111111111111111,1.0666666666666669,0.6666666666666666,22.88888888888889,3.648906867777778,4675.850371145091,204.75,2.333333333333333,-4.960232226111111,2.78,1477.7777777777778,5.278888888888888,2150.0,7.6075,111.11111111111111,4.455555555555555,2.6525,16.4,0.0,-3.6478881433333337,32.791850000000004,27.97555555555555
18.364444444444445,0.969633013,0.1111111111111111,0.1111111111111111,1.0666666666666669,0.6666666666666666,22.88888888888889,3.648906867777778,4675.850371145091,204.75,2.333333333333333,-4.960232226111111,2.78,1477.7777777777778,5.278888888888888,2150.0,7.6075,111.11111111111111,4.455555555555555,2.6525,16.4,0.0,-3.6478881433333337,32.791850000000004,27.97555555555555
18.364444444444445,0.89855756,0.1111111111111111,0.1111111111111111,1.0666666666666669,0.6666666666666666,22.88888888888889,3.648906867777778,4675.850371145091,204.75,2.333333333333333,-4.960232226111111,2.78,1477.7777777777778,5.278888888888888,2150.0,7.6075,111.11111111111111,4.455555555555555,2.6525,16.4,1.0,-3.6478881433333337,32.791850000000004,27.97555555555555
18.497666666666667,1.127359617,0.1111111111111111,0.1111111111111111,1.0697777777777775,0.7333333333333333,23.04222222222222,3.630144493333333,3745.682159099791,165.8,2.333333333333333,-4.951400269944444,2.78,1497.7777777777778,5.255555555555555,2620.0,8.906,111.6,4.2733333333333325,2.772,16.4,0.0,-3.638910416555556,29.39348,27.98344444444444
18.47222222222222,1.270208864,0.1111111111111111,0.1111111111111111,1.068888888888889,0.8888888888888888,23.022222222222226,3.7180354655555554,4676.045747216698,204.45,3.0,-5.228031162777778,2.61,1188.888888888889,4.747777777777777,1825.0,7.01,112.44444444444444,2.966666666666667,2.61,9.7,0.0,-3.937976541111112,27.84185,28.04
18.983555555555554,1.221324889,0.1111111111111111,0.1111111111111111,1.080888888888889,1.1111111111111112,23.60888888888889,3.629160248222222,3745.838459957077,165.56,2.866666666666667,-5.139143550777778,2.61,1326.6666666666667,4.760666666666667,2360.0,8.428,114.13333333333333,2.535555555555556,2.738,9.7,1.0,-3.844047954444445,25.43348,28.058666666666664
18.431819923372224,1.424800022,0.1111111111111111,0.1111111111111111,1.068888888888889,1.0555555555555556,23.105555555555554,3.905277007222223,3743.279138666478,167.9,3.166666666666667,-5.350544644501111,2.61,1255.5555555555557,4.597777777777777,1820.0,8.19,113.61111111111111,1.1833333333333331,2.978,10.7,1.0,-4.035464274444445,23.83748,28.24333333333333
18.418352490422222,1.380032571,0.1111111111111111,0.1111111111111111,1.068888888888889,1.1111111111111112,23.133333333333333,3.967690854444444,4676.154582090712,206.925,3.2222222222222223,-5.391382471742222,2.1300000000000003,1277.7777777777778,4.547777777777778,1925.0,6.785,114.0,0.5888888888888888,2.49,2.3,1.0,-4.067960185555556,9.74685,28.31111111111111
17.93810810810811,1.058185274,0.1081081081081081,0.1081081081081081,1.0764864864864865,0.6486486486486487,22.772972972972973,3.66656168945946,3133.6103004432234,143.96666666666667,2.324324324324325,-4.872994279729729,2.78,1475.6756756756756,5.413783783783783,2183.333333333333,7.733333333333332,111.27027027027027,6.01081081081081,2.5933333333333333,29.8,0.0,-3.5948482964864867,55.78290000000001,27.827783783783783
17.93611111111111,1.290510594,0.1111111111111111,0.1111111111111111,1.0638888888888889,0.3333333333333333,22.58888888888889,3.4593279088888886,3128.425759548128,143.0,2.2222222222222223,-4.5691112644444445,2.78,1383.3333333333337,5.007222222222222,2183.333333333333,8.576666666666666,110.66666666666666,9.333333333333332,2.91,59.2,0.0,-3.2634447583333337,89.2829,27.86333333333333
17.898333333333333,1.092458885,0.1111111111111111,0.1111111111111111,1.0638888888888889,0.7777777777777777,22.57777777777778,3.689633878888889,3128.4169967210687,142.21666666666667,2.6666666666666665,-5.080758991111111,2.78,1372.2222222222222,5.030555555555555,2166.666666666667,8.611666666666666,110.66666666666666,3.833333333333333,2.99,16.4,0.0,-3.779288878333333,35.81623333333334,27.936666666666664
17.844444444444445,1.132219652,0.1111111111111111,0.1111111111111111,1.0627777777777778,0.6666666666666666,22.511111111111116,3.65506958,3751.744923071374,168.3,2.333333333333333,-4.946859522777777,2.78,1516.6666666666667,5.296111111111111,2320.0,7.571999999999998,110.0,4.5777777777777775,2.602,16.4,0.0,-3.634244679444445,26.93948,27.90444444444444
17.844444444444445,1.093836443,0.1111111111111111,0.1111111111111111,1.0627777777777778,0.6666666666666666,22.511111111111116,3.65506958,3751.744923071374,168.3,2.333333333333333,-4.946859522777777,2.78,1516.6666666666667,5.296111111111111,2320.0,7.571999999999998,110.0,4.5777777777777775,2.602,16.4,1.0,-3.634244679444445,26.93948,27.90444444444444
18.411,1.0794669,0.0888888888888888,0.0888888888888888,1.0686666666666669,0.6666666666666666,23.102222222222224,3.633426855111111,3749.267734376567,168.26,2.311111111111112,-4.897443328444444,2.78,1442.2222222222222,5.315555555555555,2020.0,7.794,110.51111111111112,5.1177777777777775,2.632,29.8,0.0,-3.587415240444445,66.23348,27.94731111111111
14.656,1.108407132,0.2,0.2,0.9988,0.48,19.464,3.6652532084,4662.343371836843,202.95,2.4,-5.040831215,2.01,1316.0,4.9036,1950.0,10.1975,105.16,3.484,3.3725,16.4,0.0,-3.616662544400001,50.86685,28.18
17.244699999999998,1.444923726,0.06,0.06,1.0364,0.6,22.51,3.5272042278,4673.438833420544,205.225,2.26,-4.7921766736,2.7,1446.0,4.8256,2325.0,7.685,104.28,4.369999999999999,2.6725,16.4,0.0,-3.3856922578,29.07435,27.9714
16.5025,1.409546202,0.1,0.1,1.026,0.6,21.65,3.602462413,4673.438833420544,205.225,2.3,-4.915817328,2.7,1450.0,4.803999999999999,2325.0,7.685,104.6,4.23,2.6725,16.4,0.0,-3.5045162550000004,29.07435,27.9878
15.3892,1.864283483,0.16,0.16,1.0104,0.6,20.36,3.7153496908,4673.438833420544,205.225,2.3600000000000003,-5.1012783096,2.7,1456.0,4.771599999999999,2325.0,7.685,105.08,4.02,2.6725,16.4,0.0,-3.6827522508,29.07435,28.0124
17.3126,1.245655789,0.06,0.06,1.0377999999999998,0.74,22.594,3.5707552444,3741.1065397303432,166.54,2.68,-4.9608900037,2.7,1264.0,4.491,2140.0,8.91,105.12,3.4319999999999995,3.124,16.4,0.0,-3.5684479484,39.29948,28.012
16.9512,0.62483346,0.08,0.08,1.0328,0.76,22.176,3.6146059108,3741.1065397303432,166.54,2.76,-5.0468122352,2.7,1240.0,4.4324,2140.0,8.91,105.4,3.228,3.124,16.4,1.0,-3.6539679028000007,39.29948,28.026
16.209,1.186089227,0.12,0.12,1.0224,0.76,21.316000000000003,3.689864096,3741.1065397303432,166.54,2.8,-5.1704528896,2.7,1244.0,4.4108,2140.0,8.91,105.72,3.088,3.124,16.4,0.0,-3.772791900000001,39.29948,28.0424
17.15348,0.739912829,0.08,0.08,1.03808,0.808,22.3328,3.70451471752,3120.172263223253,139.58333333333334,2.784,-5.15887793332,2.7,1385.6,5.360079999999999,2666.6666666666665,13.671666666666663,106.328,3.4184,3.3783333333333334,16.4,1.0,-3.766836021520001,55.74956666666667,27.98672
17.1002,0.563673724,0.08,0.08,1.0362,0.7999999999999999,22.304,3.5836124836,3120.589138605339,140.0,2.74,-5.0829689786,2.7,1388.0,4.756199999999999,3250.0,12.425,106.04,3.136,3.2783333333333333,16.4,1.0,-3.6901246462,41.69956666666667,28.016
16.441039999999997,0.921591106,0.12,0.12,1.02784,0.8639999999999999,21.5824,3.65111456296,3121.7570015950514,140.45,2.752,-5.13527384506,2.7,1300.8000000000002,4.407039999999999,2533.333333333333,9.775,106.50400000000002,2.8672,3.145,16.4,0.0,-3.73574562716,35.3829,28.05196
17.324444444444445,1.249820546,0.1111111111111111,0.1111111111111111,1.0588888888888888,0.6666666666666666,22.133333333333333,3.6612322922222234,4673.438833420544,205.225,2.333333333333333,-4.933486819444444,2.7,1555.5555555555557,5.313333333333333,2325.0,7.685,108.88888888888889,4.699999999999999,2.6725,16.4,0.0,-3.6206012155555554,29.07435,27.83333333333333
15.4862,1.689864333,0.16,0.16,1.0124,0.8,20.480000000000004,3.7775654288,4673.634209492151,204.925,2.96,-5.3422973526,2.53,1196.0,4.2936,2000.0,7.0875,106.28,2.68,2.63,9.7,0.0,-3.9438318088,24.12435,28.0704
16.613100000000003,1.270890522,0.1,0.1,1.0279999999999998,0.64,21.774,3.5817680018000004,3741.273355980101,167.24,2.74,-4.9726431894,2.53,1194.0,4.3176000000000005,1900.0,8.39,105.8,4.869999999999999,2.994,59.2,0.0,-3.5798919298000005,99.49948,28.0194
16.613100000000003,1.400766339,0.1,0.1,1.0279999999999998,0.64,21.774,3.5817680018000004,3741.273355980101,167.24,2.74,-4.9726431894,2.53,1194.0,4.3176000000000005,1900.0,8.39,105.8,4.869999999999999,2.994,59.2,0.0,-3.5798919298000005,99.49948,28.0194
15.8409,1.745952246,0.1399999999999999,0.1399999999999999,1.0168,0.72,20.874,3.6857082994,3741.095624482062,166.62,2.8200000000000003,-5.1709106338,2.8000000000000003,1198.0,4.4512,1900.0,9.166,105.79999999999998,2.886,3.144,13.1,0.0,-3.7705659974,37.43948,28.101
18.315050505050504,0.90279338,0.0,0.0,1.0506060606060603,0.7474747474747476,23.747474747474747,3.392278765353536,3738.913004097704,165.82,2.282828282828283,-4.793501425858586,2.7,1589.8989898989898,5.522323232323234,3960.0,18.084,104.53535353535354,4.149494949494949,3.12,12.9,0.0,-3.384209920707071,42.99948,27.965353535353536
18.1377,1.030287577,0.0,0.0,1.0499,0.66,23.55,3.4129669995,3738.7187877758456,168.34,2.24,-4.6778001393,2.7,1546.0,5.172699999999999,3280.0,13.03,104.06,4.933,3.18,57.9,0.0,-3.2801413538000004,117.29948,27.9282
18.09277777777778,1.190045656,0.1111111111111111,0.1111111111111111,1.0633333333333337,0.6666666666666666,22.73333333333333,3.611669553333333,4675.529781965052,203.4,2.333333333333333,-4.953515523333333,2.78,1477.7777777777778,5.47111111111111,2150.0,8.04,110.55555555555554,4.411111111111111,2.655,16.799999999999997,0.0,-3.6395216388888887,32.99185,28.23555555555555
18.09277777777778,1.12538112,0.1111111111111111,0.1111111111111111,1.0633333333333337,0.6666666666666666,22.73333333333333,3.611669553333333,4675.529781965052,203.4,2.333333333333333,-4.953515523333333,2.78,1477.7777777777778,5.47111111111111,2150.0,8.04,110.55555555555554,4.411111111111111,2.655,16.799999999999997,1.0,-3.6395216388888887,32.99185,28.23555555555555
18.20055555555556,1.356603,0.1111111111111111,0.1111111111111111,1.0655555555555556,0.8888888888888888,22.866666666666667,3.680798151111112,4675.725158036659,203.1,3.0,-5.22131446,2.61,1188.888888888889,4.94,1825.0,7.442499999999999,111.88888888888889,2.9222222222222225,2.6125,10.1,0.0,-3.9296100366666655,28.04185,28.3
17.572777777777777,1.177418459,0.1111111111111111,0.1111111111111111,1.0594444444444444,0.6666666666666666,22.355555555555554,3.6178322655555553,3751.488451727343,167.22,2.333333333333333,-4.94014282,2.78,1516.6666666666667,5.488333333333333,2320.0,7.917999999999998,109.44444444444444,4.533333333333333,2.604,16.799999999999997,0.0,-3.625878175,27.09948,28.16444444444444
17.61861111111111,1.184798143,0.1111111111111111,0.1111111111111111,1.06,0.5,22.39444444444445,3.51996143,3128.2120334281026,142.1,2.2777777777777777,-4.751268690833333,2.78,1450.0,5.343888888888889,2183.333333333333,8.865,109.77777777777776,6.911111111111111,2.911666666666666,59.6,0.0,-3.440478214444444,89.41623333333334,28.143888888888885
17.75611111111111,0.380456917,0.1111111111111111,0.1111111111111111,1.0616666666666663,0.0,22.511111111111116,3.226348923333333,3751.6552679771,167.92000000000002,2.111111111111111,-4.184646303333333,2.1300000000000003,1250.0,4.910555555555556,2080.0,7.397999999999999,110.77777777777776,14.044444444444444,2.474,59.6,0.0,-2.884278332777778,87.29948,28.08222222222222
17.718333333333334,1.128502772,0.1111111111111111,0.1111111111111111,1.0616666666666668,0.4444444444444444,22.5,3.456654893333333,3128.342284142507,141.9,2.555555555555556,-4.69629403,2.61,1238.888888888889,4.933888888888889,1966.6666666666663,8.466666666666667,110.77777777777776,8.544444444444444,2.8833333333333333,59.6,0.0,-3.4001224527777776,86.11623333333333,28.15555555555555
18.0182,1.998021555,0.02,0.02,1.0468,0.78,23.368,3.4532056488,4673.325164856839,205.175,2.24,-4.668590813,2.7,1442.0,4.8186,2325.0,7.3275,103.98,4.508,2.67,16.5,0.0,-3.2670010934,28.79935,27.9498
18.1769,1.039863509,0.02,0.02,1.0504,0.84,23.508000000000003,3.4284337954,3742.260558481534,165.6,2.28,-4.7288494607,2.7,1564.0,5.0946,3620.0,11.862,104.74,4.282,2.946,16.5,0.0,-3.3292657926,33.77948,27.9456
18.1152,1.615505054,0.02,0.02,1.0488,0.98,23.488,3.5154213868,4673.520540928446,204.875,2.84,-4.909609856,2.53,1182.0,4.3406,2000.0,6.73,105.18,3.168,2.6275,9.8,0.0,-3.5280806514,23.84935,28.0078
18.0988,1.560765561,0.02,0.02,1.048,0.9,23.452,3.4611933500000003,3741.004689631097,166.58,2.72,-4.8000434644,2.8000000000000003,1186.0,4.4874,1900.0,8.88,104.86,3.304,3.1420000000000003,13.2,0.0,-3.4142268386000003,37.21948,28.0466
18.107,1.446282355,0.02,0.02,1.0484,0.94,23.47,3.4883073684,3741.004689631097,166.58,2.78,-4.8548266602000005,2.8000000000000003,1184.0,4.414,1900.0,8.88,105.02,3.236,3.1420000000000003,13.2,0.0,-3.471153745,37.21948,28.0272
17.72691724138,1.293270495,0.04,0.04,1.0436,1.36,23.156,3.7789999356,4673.62937580246,207.35,3.08,-5.118501155068,2.0500000000000003,1264.0,4.1212,2100.0,6.505,106.76,0.956,2.5075000000000003,4.5,0.0,-3.7046107628000007,5.75435,28.2548
17.717213793104,1.191890743,0.04,0.04,1.0432,1.2800000000000002,23.112,3.721618818,3741.10267277859,168.48,2.92,-5.040894110854401,2.7,1300.0,4.2528,2220.0,8.444,106.24,1.652,3.026,17.4,0.0,-3.6289977952,24.60348,28.1944
18.37255,1.330078634,0.0,0.0,1.0523,0.63,23.818,3.4236493107,4667.573380729641,206.825,2.29,-4.64286854845,2.7,1401.0,4.7863,1900.0,9.415,103.98,4.379,3.1075,12.9,0.0,-3.2466181957,45.99935000000001,27.9555
18.5652,1.074366897,0.0,0.0,1.0566,0.7600000000000001,24.0,3.4206529656,3737.659131179776,166.92000000000002,2.54,-4.7874838612,2.7,1432.0,4.895,3280.0,13.532,105.16,3.684,3.296,12.9,0.0,-3.4002607402,47.53948,27.9716
18.5361,0.994824925,0.0,0.0,1.056,0.7,23.964,3.4019882442,3737.659131179776,166.92000000000002,2.3600000000000003,-4.7151781483,2.7,1510.0,5.038399999999999,3280.0,13.532,104.8,4.085999999999999,3.296,12.9,0.0,-3.3219368728000003,47.53948,27.9542
18.490952380952,1.152710829,0.0,0.0,1.0512,0.59,23.89,3.4598131281000004,3739.701528947041,190.86,2.28,-4.614018795275,3.15,1438.0,4.833600000000001,2540.0,11.24,103.73,4.267,3.596,17.9,0.0,-3.2105937141,36.84647999999999,27.94274
18.5167,1.073287017,0.0,0.0,1.0556,0.66,23.94,3.3895450966,4669.129572732334,205.7,2.24,-4.6669743397,2.7,1562.0,5.134,3750.0,13.4625,104.56,4.353999999999999,2.8875,12.9,0.0,-3.2697209612,39.37435000000001,27.9426
18.5167,1.091425833,0.0,0.0,1.0556,0.66,23.94,3.3895450966,4669.129572732334,205.7,2.24,-4.6669743397,2.7,1562.0,5.134,3750.0,13.4625,104.56,4.353999999999999,2.8875,12.9,1.0,-3.2697209612,39.37435000000001,27.9426
18.6754,1.147301119,0.0,0.0,1.0592,0.7200000000000002,24.08,3.3647732432,4669.129572732334,205.7,2.28,-4.727232987400001,2.7,1684.0,5.41,3750.0,13.4625,105.32,4.128,2.8875,12.9,0.0,-3.3319856604,39.37435000000001,27.9384
18.6754,1.048977233,0.0,0.0,1.0592,0.7200000000000002,24.08,3.3647732432,4669.129572732334,205.7,2.28,-4.727232987400001,2.7,1684.0,5.41,3750.0,13.4625,105.32,4.128,2.8875,12.9,1.0,-3.3319856604,39.37435000000001,27.9384
18.674200000000003,0.965100422,0.0,0.0,1.0592,0.7400000000000001,24.07,3.3754616728,3738.913004097704,165.82,2.28,-4.7623945476000005,2.7,1604.0,5.541399999999999,3960.0,18.084,105.44,4.158,3.12,12.9,0.0,-3.3671472206,42.99948,27.9536
18.358,1.381040073,0.0,0.0,1.052,0.6,23.8,3.41431695,6219.505385983007,271.8333333333333,2.2,-4.606715692,2.7,1440.0,4.858,2066.6666666666665,7.949999999999999,103.8,4.58,2.5,12.9,0.0,-3.207456262,34.59913333333334,27.9468
18.358,1.357678195,0.0,0.0,1.052,0.6,23.8,3.41431695,6219.505385983007,271.8333333333333,2.2,-4.606715692,2.7,1440.0,4.858,2066.6666666666665,7.949999999999999,103.8,4.58,2.5,12.9,0.0,-3.207456262,34.59913333333334,27.9468
18.8376,1.140011517,0.0,0.0,1.0632,0.8400000000000001,24.352,3.346772402,4670.881367216903,206.375,2.2,-4.5749206498,2.7,1512.0,4.774,2675.0,9.4875,105.56,3.924,2.6875,16.4,0.0,-3.1751364456,29.89935,27.9752
18.5978,1.105586892,0.0,0.0,1.0576,0.72,24.076,3.380544676,4670.881367216903,206.375,2.2,-4.5908181709,2.7,1476.0,4.816,2675.0,9.4875,104.68,4.252,2.6875,16.4,0.0,-3.1912963538000003,29.89935,27.961
18.856125,1.079159913,0.0,0.0,1.0635,0.8250000000000001,24.32,3.3411367907500003,3740.305520369586,166.56,2.25,-4.6621671002500005,2.7,1637.5,5.150499999999999,3900.0,13.59,105.85,3.8875,2.96,16.4,0.0,-3.26508725075,34.65948,27.9593
18.817325,1.175876842,0.0,0.0,1.0627,0.8250000000000002,24.318,3.34902250715,3740.305520369586,166.56,2.21,-4.593959692,2.7,1533.5,4.8535,3900.0,13.590000000000002,105.53,3.9495,2.96,16.4,0.0,-3.1947425974500003,34.65948,27.9706
18.4869,1.068497828,0.0,0.0,1.0552,0.7000000000000001,23.93,3.3510316742,4669.038118776956,206.025,2.22,-4.6206124515,2.7,1418.0,4.817,1950.0,9.5,104.48,4.273999999999999,2.825,15.3,1.0,-3.2210798928,31.42435,27.9518
18.6158,1.053813404,0.0,0.0,1.0584,0.8,24.06,3.2877463984,4669.038118776956,206.025,2.24,-4.634509211,2.7,1396.0,4.776,1950.0,9.5,105.16,3.968,2.825,15.3,1.0,-3.2347035236000004,31.42435,27.9568
18.5155,1.082358081,0.0,0.0,1.0556,0.68,23.93,3.4002335262,4669.140721877051,205.45,2.24,-4.7021358999,2.7,1482.0,5.2654,2750.0,15.105,104.68,4.384,2.8875,12.9,0.0,-3.3048825214,40.32435,27.9578
18.673,1.05590251,0.0,0.0,1.0592,0.7600000000000001,24.06,3.3861501024000003,4669.140721877051,205.45,2.28,-4.7975561078,2.7,1524.0,5.6728000000000005,2750.0,15.105,105.56,4.188,2.8875,12.9,0.0,-3.4023087808000003,40.32435,27.9688
18.988,1.034329022,0.0,0.0,1.0664,0.92,24.32,3.3579832548,4669.140721877051,205.45,2.3600000000000003,-4.9883965236000005,2.7,1608.0,6.4876,2750.0,15.105,107.32,3.796,2.8875,12.9,0.0,-3.5971612996,40.32435,27.9908
18.8004,1.081152365,0.0,0.0,1.0612,0.72,24.236,3.356150444,4672.882342707885,206.7,2.2,-4.5943999046,2.7,1438.0,4.7618,2200.0,8.809999999999999,105.08,4.257999999999999,2.675,16.099999999999998,1.0,-3.194660481000001,30.24935,27.9812
19.242800000000003,1.165923344,0.0,0.0,1.0704,0.8400000000000001,24.672,3.297983938,4672.882342707885,206.7,2.2,-4.582084117200001,2.7,1436.0,4.6656,2200.0,8.809999999999999,106.36,3.936,2.675,16.099999999999998,1.0,-3.1818647,30.24935,28.0156
18.478,1.295281178,0.0,0.0,1.0545,0.85,23.935,3.5528101500000004,4667.847649927336,204.8,2.8,-4.908746344000001,2.53,1315.0,4.7395,2250.0,10.615,105.35,3.075,2.995,6.199999999999999,1.0,-3.529501981,44.42435,27.9173
18.6844,1.242756117,0.0,0.0,1.0594,0.88,24.134,3.4421562308,4670.391593357473,205.05,2.76,-4.8811110345,2.53,1204.0,4.6478,1875.0,12.165,105.86,3.084,2.7325,7.799999999999999,0.0,-3.498319120000001,26.74935,28.0174
18.6534,1.296505973,0.0,0.0,1.0592,0.8400000000000001,24.072,3.5639528652,4668.699635730813,204.775,2.8000000000000003,-4.9501596714,2.53,1336.0,5.3268,2550.0,14.735,105.88,3.484,2.995,12.3,1.0,-3.5709607564,55.49935000000001,27.9632
18.604,1.362763667,0.0,0.0,1.0574,0.84,24.048,3.4455392608000004,4669.324948803942,205.4,2.78,-4.883891478400001,2.53,1328.0,4.703799999999999,3425.0,12.865,105.64,3.148,2.845,6.199999999999999,0.0,-3.5046925634,34.424350000000004,27.9948
18.753,1.23185872,0.0,0.0,1.0608,0.8800000000000001,24.176,3.4145458336,4669.324948803942,205.4,2.76,-4.9200482218,2.53,1476.0,5.0276000000000005,3425.0,12.865,106.28,3.056,2.845,6.199999999999999,0.0,-3.5408493068,34.424350000000004,27.9848
18.751800000000003,1.172974327,0.0,0.0,1.0608,0.9,24.166,3.4252342632,3739.06930495499,165.58,2.7600000000000007,-4.955209782000001,2.53,1396.0,5.159,3700.0,17.606,106.4,3.086,3.086,6.199999999999999,0.0,-3.576010867,39.03948,28.0
18.455,1.418154568,0.0,0.0,1.054,0.8,23.92,3.4765326880000003,6219.765887411816,271.43333333333334,2.8,-4.847734735,2.53,1180.0,4.38,1633.3333333333337,7.153333333333333,105.0,3.24,2.4433333333333334,6.199999999999999,0.0,-3.46853582,27.999133333333333,28.0048
18.455,1.37237551,0.0,0.0,1.054,0.8,23.92,3.4765326880000003,6219.765887411816,271.43333333333334,2.8,-4.847734735,2.53,1180.0,4.38,1633.3333333333337,7.153333333333333,105.0,3.24,2.4433333333333334,6.199999999999999,0.0,-3.46853582,27.999133333333333,28.0048
18.455,1.45317773,0.0,0.0,1.054,0.8,23.92,3.4765326880000003,6219.765887411816,271.43333333333334,2.8,-4.847734735,2.53,1180.0,4.38,1633.3333333333337,7.153333333333333,105.0,3.24,2.4433333333333334,6.199999999999999,0.0,-3.46853582,27.999133333333333,28.0048
18.455,1.394624163,0.0,0.0,1.054,0.8,23.92,3.4765326880000003,6219.765887411816,271.43333333333334,2.8,-4.847734735,2.53,1180.0,4.38,1633.3333333333337,7.153333333333333,105.0,3.24,2.4433333333333334,6.199999999999999,1.0,-3.46853582,27.999133333333333,28.0048
18.894925,1.279980024,0.0,0.0,1.0643,0.985,24.414,3.3987950975500003,3740.461821226872,166.32,2.6900000000000004,-4.7867749264,2.53,1325.5,4.4711,3640.0,13.112000000000002,106.49,2.8774999999999995,2.926,9.7,0.0,-3.4036062438500005,30.69948,28.017
18.624275,1.264746432,0.0,0.0,1.0579,0.855,24.082,3.44328915565,3740.461821226872,166.32,2.77,-4.8648524362,2.53,1306.5,4.6243,3640.0,13.112000000000002,105.67,3.1225,2.926,9.7,0.0,-3.48508641155,30.69948,27.9994
18.6492,1.661320829,0.0,0.0,1.0528,0.72,24.086,3.5457911130000004,4669.828509988016,204.225,2.76,-4.7905234079,2.53,1172.0,5.108,1475.0,17.9175,104.58,3.016008,3.0075000000000003,11.199599999999998,0.0,-3.4008663406000004,57.99935000000001,27.9026
18.5742,1.181342423,0.0,0.0,1.057,0.88,24.038,3.4070258384,4669.233494848564,205.725,2.76,-4.837529590200001,2.53,1184.0,4.3868,1625.0,8.9025,105.56,3.068,2.7825,8.6,0.0,-3.456051495,26.47435,28.004
18.5742,1.17402014,0.0,0.0,1.057,0.88,24.038,3.4070258384,4669.233494848564,205.725,2.76,-4.837529590200001,2.53,1184.0,4.3868,1625.0,8.9025,105.56,3.068,2.7825,8.6,1.0,-3.456051495,26.47435,28.004
18.7506,1.544329879,0.0,0.0,1.0608,0.92,24.156,3.4359226928,4669.336097948659,205.15,2.76,-4.9903713422,2.53,1316.0,5.2904,2425.0,14.5075,106.52,3.116,2.845,6.199999999999999,0.0,-3.611172427200001,35.37435000000001,28.0152
18.7043,1.398181647,0.0,0.0,1.0596,0.88,24.15,3.4320638324000003,4670.64090137616,205.0,2.76,-4.8529442189,2.53,1204.0,4.5238,1875.0,10.615,105.86,3.062,2.6950000000000003,8.899999999999999,0.0,-3.4721716302,26.67435,28.01
18.9536,1.277212982,0.0,0.0,1.0652,0.96,24.380000000000003,3.3875949768,4670.64090137616,205.0,2.72,-4.8581537028,2.53,1228.0,4.6676,1875.0,10.615,106.72,2.884,2.6950000000000003,8.899999999999999,0.0,-3.475807440400001,26.67435,28.0152
18.832533333334,1.360525553,0.0,0.0,1.0564,0.8,24.312,3.4412397156,4683.786381729632,224.075,2.78,-4.8360292572666,2.68,1264.0,4.2781,3025.0,5.94875,105.16,3.468,2.395,11.4,0.0,-3.4569073418,46.62435000000001,28.061
18.745233333334,0.998705894,0.0,0.0,1.0546,0.62,24.204,3.3852455514,3749.228277520328,181.86,2.24,-4.6191121185666,2.85,1498.0,4.7083,2960.0,7.999,104.08,4.674,2.936,12.9,0.0,-3.2219357396,57.29948,28.0088
18.764633333334,1.168310701,0.0,0.0,1.055,0.6599999999999999,24.228,3.397688699,3749.228277520328,181.86,2.36,-4.6673159271666,2.85,1446.0,4.612699999999999,2960.0,7.999,104.32,4.405999999999999,2.936,12.9,0.0,-3.2741516512000004,57.29948,28.0204
18.784033333334,1.210035106,0.0,0.0,1.0554,0.7,24.252,3.4101318466,3749.228277520328,181.86,2.48,-4.7155197357666,2.85,1394.0,4.5171,2960.0,7.999,104.56,4.138,2.936,12.9,0.0,-3.3263675628,57.29948,28.032
18.940566666667,1.111649266,0.0,0.0,1.062,0.9,24.362,3.407587777,3128.5323982430045,151.65,2.75,-4.9493570431333005,2.68,1438.0,5.10805,4283.333333333333,15.060833333333331,106.48000000000002,3.2,2.9466666666666663,11.4,0.0,-3.5701966279000006,49.61623333333334,28.0281
18.375433333333,1.105169817,0.0,0.0,1.054,0.9,23.822,3.4104006544,3119.4817638091376,145.65,2.75,-4.9570805151,2.53,1408.0,5.1147,3783.3333333333335,15.171666666666663,105.73000000000002,3.153,3.0466666666666664,6.699999999999999,0.0,-3.5778868157000003,46.64956666666667,27.9807
14.157999999999998,1.588397016,0.2,0.2,0.994,0.6,19.22,3.72358071,6212.383282061838,264.3333333333333,2.4,-5.212828899,1.8999999999999997,1460.0,5.095999999999999,2100.0,8.346666666666668,104.4,3.8,2.7666666666666666,16.799999999999997,0.0,-3.78651654,37.8558,28.4968
18.501933333333,1.104270457,0.0,0.0,1.0571,0.9,24.003,3.4212810599,3122.4641422762,149.81666666666666,2.75,-4.9509840598333,2.53,1371.0,5.1107,3166.666666666667,15.105,106.11,3.237,3.0216666666666665,15.1,0.0,-3.5717763149,56.032900000000005,28.0144
17.518,1.33357892,0.04,0.04,1.0404,0.6,22.884,3.476169702,4673.118244240505,203.875,2.24,-4.7279383334,2.7,1444.0,4.9056,2325.0,8.1175,103.92,4.424,2.675,16.799999999999997,0.0,-3.3232683176,29.27435,28.0568
16.258,1.248215452,0.1,0.1,1.023,0.6,21.51,3.56894883,4673.118244240505,203.875,2.3,-4.9097722955,2.7,1450.0,4.976999999999999,2325.0,8.1175,104.1,4.19,2.675,16.799999999999997,0.0,-3.496986401,29.27435,28.2218
16.258,1.379591062,0.1,0.1,1.023,0.6,21.51,3.56894883,4673.118244240505,203.875,2.3,-4.9097722955,2.7,1450.0,4.976999999999999,2325.0,8.1175,104.1,4.19,2.675,16.799999999999997,1.0,-3.496986401,29.27435,28.2218
14.998,1.45318851,0.16,0.16,1.0056,0.6,20.136000000000003,3.661727958,4673.118244240505,203.875,2.3600000000000003,-5.0916062576000005,2.7,1456.0,5.048399999999999,2325.0,8.1175,104.28,3.956,2.675,16.799999999999997,0.0,-3.6707044844000007,29.27435,28.3868
16.2774,1.362058545,0.1,0.1,1.0234,0.6400000000000001,21.534,3.5813919776,3740.8500683863126,165.46,2.42,-4.9579761041,2.7,1398.0,4.8814,2140.0,9.256,104.34,3.922,3.1260000000000003,16.799999999999997,1.0,-3.5492023126000003,39.45948,28.2334
16.4167,1.028927148,0.1,0.1,1.0266,0.66,21.65,3.5441769766,3742.095021988467,164.56,2.34,-4.9700309432,2.7,1572.0,5.252999999999999,3620.0,12.494,104.86,3.964,2.95,16.799999999999997,0.0,-3.5592511002,34.15948,28.2176
17.22496,1.061111419,0.06,0.06,1.03748,0.648,22.538,3.48727859528,3742.095021988467,164.56,2.292,-4.8367565722600006,2.7,1543.6,5.1502,3620.0,12.494000000000002,104.588,4.1652000000000005,2.95,16.799999999999997,0.0,-3.43098610476,34.15948,28.10844
17.052777777777777,1.257851153,0.1111111111111111,0.1111111111111111,1.0555555555555556,0.6666666666666666,21.977777777777774,3.6239949777777776,4673.118244240505,203.875,2.333333333333333,-4.926770116666667,2.7,1555.5555555555557,5.505555555555555,2325.0,8.1175,108.33333333333334,4.655555555555555,2.675,16.799999999999997,0.0,-3.6122347111111113,29.27435,28.09333333333333
18.664525,1.300782616,0.0,0.0,1.0589,0.8899999999999999,24.1475,3.44146105275,3740.4707405426448,166.12,2.75,-4.83556474185,2.53,1243.5,4.49815,2840.0,14.426000000000002,105.76,3.079,2.926,9.7,0.0,-3.4546644979,31.45948,28.0124
16.355,1.157322964,0.1,0.1,1.025,0.8,21.630000000000003,3.631164568,4673.313620312112,203.575,2.9,-5.1507913385,2.53,1190.0,4.499,2000.0,7.52,105.29999999999998,2.85,2.6325,10.1,0.0,-3.758065959000001,24.32435,28.2798
16.30651724138,1.298886141,0.1,0.1,1.025,1.0,21.73,3.855854418,4673.422455186126,206.05,3.1,-5.2978075165680005,2.0500000000000003,1270.0,4.318999999999999,2100.0,7.294999999999999,106.7,0.71,2.5125,4.5,0.0,-3.875051239,6.22935,28.5238
19.2298,1.205891589,0.0,0.0,1.0735,1.32,24.687,3.0247381656,4669.233494848564,205.725,2.54,-4.7814012938,2.53,1206.0,4.4242,1625.0,8.9025,108.64,2.122,2.7825,8.6,0.0,-3.3873877075000003,26.47435,27.9996
18.6934,1.211935771,0.0,0.0,1.06,0.96,24.156,3.3375189888000003,4669.233494848564,205.725,2.72,-4.8273244454,2.53,1188.0,4.3936,1625.0,8.9025,106.12,2.896,2.7825,8.6,0.0,-3.44356717,26.47435,28.0032
17.0461,1.384457423,0.0,0.0,1.0346,1.14,22.414,3.5056081458,4672.882342707885,206.7,2.26,-4.8936228625,2.7,1416.0,5.095599999999999,2200.0,8.809999999999999,103.5,4.388,2.675,16.099999999999998,1.0,-3.4871977186,30.24935,27.9312
17.996666666666666,0.754822199,0.0,0.0,1.0633333333333337,1.6666666666666663,22.71111111111111,3.608914123333333,4675.293880432432,206.225,2.333333333333333,-5.148095538888889,2.78,1422.2222222222222,5.778888888888888,2025.0,8.7325,109.66666666666666,4.488888888888889,2.655,16.099999999999998,1.0,-3.8358612188888888,33.96685,27.901111111111103
17.996666666666666,1.073710006,0.0,0.0,1.0633333333333337,1.6666666666666663,22.71111111111111,3.608914123333333,4675.293880432432,206.225,2.333333333333333,-5.148095538888889,2.78,1422.2222222222222,5.778888888888888,2025.0,8.7325,109.66666666666666,4.488888888888889,2.655,16.099999999999998,0.0,-3.8358612188888888,33.96685,27.901111111111103
18.104444444444447,1.432587292,0.0,0.0,1.0655555555555556,1.8888888888888888,22.84444444444444,3.678042721111111,4675.489256504039,205.925,3.0,-5.415894475555556,2.61,1133.3333333333333,5.247777777777777,1700.0,8.135,111.0,3.0,2.6125,9.4,0.0,-4.1259496166666665,29.01685,27.965555555555557
17.476666666666667,1.047025013,0.0,0.0,1.0594444444444444,1.6666666666666663,22.33333333333333,3.615076835555556,3751.299730501247,169.48,2.333333333333333,-5.134722835555555,2.78,1461.1111111111113,5.796111111111111,2220.0,8.472,108.55555555555554,4.611111111111111,2.604,16.099999999999998,0.0,-3.822217755000001,27.87948,27.83
